timestamp,variant,model_key,model_id,length,condition,accuracy,correct,total,word_read_errors,invalid_errors,parse_failed,elapsed_s
20260630_133447,c3,gemma,google/gemma-3n-e4b,1,congruent,100.0,1,1,0,0,False,51.2
20260630_133447,c3,gemma,google/gemma-3n-e4b,1,incongruent,0.0,0,1,1,0,False,30.5
20260630_133447,c3,gemma,google/gemma-3n-e4b,1,mixed,0.0,0,1,1,0,False,19.6
20260630_133447,c3,gemma,google/gemma-3n-e4b,5,congruent,100.0,5,5,0,0,False,71.4
20260630_133447,c3,gemma,google/gemma-3n-e4b,5,incongruent,100.0,5,5,0,0,False,101.7
20260630_133447,c3,gemma,google/gemma-3n-e4b,5,mixed,100.0,5,5,0,0,False,86.0
20260630_133447,c3,gemma,google/gemma-3n-e4b,10,congruent,100.0,10,10,0,0,False,810.6
20260630_133447,c3,gemma,google/gemma-3n-e4b,10,incongruent,100.0,10,10,0,0,False,228.4
20260630_133447,c3,gemma,google/gemma-3n-e4b,10,mixed,90.0,9,10,1,0,False,162.7
20260630_133447,c3,gemma,google/gemma-3n-e4b,20,congruent,100.0,20,20,0,0,False,277.0
20260630_133447,c3,gemma,google/gemma-3n-e4b,20,incongruent,100.0,20,20,0,0,False,296.3
20260630_133447,c3,gemma,google/gemma-3n-e4b,20,mixed,90.0,18,20,1,0,False,416.4
20260630_133447,c3,llama,llama-3.2-3b-instruct,1,congruent,100.0,1,1,0,0,False,45.7
20260630_133447,c3,llama,llama-3.2-3b-instruct,1,incongruent,100.0,1,1,0,0,False,21.4
20260630_133447,c3,llama,llama-3.2-3b-instruct,1,mixed,100.0,1,1,0,0,False,15.4
20260630_133447,c3,llama,llama-3.2-3b-instruct,5,congruent,100.0,5,5,0,0,False,33.3
20260630_133447,c3,llama,llama-3.2-3b-instruct,5,incongruent,80.0,4,5,1,0,False,38.9
20260630_133447,c3,llama,llama-3.2-3b-instruct,5,mixed,60.0,3,5,1,0,False,59.3
20260630_133447,c3,llama,llama-3.2-3b-instruct,10,congruent,100.0,10,10,0,0,False,76.0
20260630_133447,c3,llama,llama-3.2-3b-instruct,10,incongruent,50.0,5,10,5,0,False,74.7
20260630_133447,c3,llama,llama-3.2-3b-instruct,10,mixed,90.0,9,10,1,0,False,68.9
20260630_133447,c3,llama,llama-3.2-3b-instruct,20,congruent,100.0,20,20,0,0,False,135.8
20260630_133447,c3,llama,llama-3.2-3b-instruct,20,incongruent,35.0,7,20,13,0,False,131.8
20260630_133447,c3,llama,llama-3.2-3b-instruct,20,mixed,45.0,9,20,7,0,False,151.4
20260630_133447,c3,mistral,mistralai/mistral-7b-instruct-v0.3,1,congruent,0.0,0,1,0,0,True,70.6
20260630_133447,c3,mistral,mistralai/mistral-7b-instruct-v0.3,1,incongruent,0.0,0,1,0,0,True,41.3
20260630_133447,c3,mistral,mistralai/mistral-7b-instruct-v0.3,1,mixed,0.0,0,1,0,0,True,31.3
20260630_133447,c3,mistral,mistralai/mistral-7b-instruct-v0.3,5,congruent,0.0,0,5,0,0,True,112.0
20260630_133447,c3,mistral,mistralai/mistral-7b-instruct-v0.3,5,incongruent,0.0,0,5,0,0,True,125.1
20260630_133447,c3,mistral,mistralai/mistral-7b-instruct-v0.3,5,mixed,0.0,0,5,0,0,True,160.5
20260630_133447,c3,mistral,mistralai/mistral-7b-instruct-v0.3,10,congruent,0.0,0,10,0,0,True,204.5
20260630_133447,c3,mistral,mistralai/mistral-7b-instruct-v0.3,10,incongruent,0.0,0,10,0,0,True,235.5
20260630_133447,c3,mistral,mistralai/mistral-7b-instruct-v0.3,10,mixed,0.0,0,10,0,0,True,192.3
20260630_133447,c3,mistral,mistralai/mistral-7b-instruct-v0.3,20,congruent,100.0,20,20,0,0,False,369.4
20260630_133447,c3,mistral,mistralai/mistral-7b-instruct-v0.3,20,incongruent,80.0,16,20,2,0,False,346.8
20260630_133447,c3,mistral,mistralai/mistral-7b-instruct-v0.3,20,mixed,55.0,11,20,9,0,False,495.0
