timestamp,model_key,model_id,length,condition,accuracy,correct,total,word_read_errors,invalid_errors,parse_failed,elapsed_s
20260625_114157,gemma,google/gemma-3n-e4b,5,congruent,100.0,5,5,0,0,False,48.9
20260625_114157,gemma,google/gemma-3n-e4b,5,incongruent,40.0,2,5,3,0,False,42.1
20260625_114157,gemma,google/gemma-3n-e4b,5,mixed,80.0,4,5,1,0,False,43.9
20260625_114157,gemma,google/gemma-3n-e4b,10,congruent,100.0,10,10,0,0,False,77.1
20260625_114157,gemma,google/gemma-3n-e4b,10,incongruent,40.0,4,10,6,0,False,78.0
20260625_114157,gemma,google/gemma-3n-e4b,10,mixed,50.0,5,10,5,0,False,78.4
20260625_114157,gemma,google/gemma-3n-e4b,20,congruent,100.0,20,20,0,0,False,154.7
20260625_114157,gemma,google/gemma-3n-e4b,20,incongruent,40.0,8,20,12,0,False,141.4
20260625_114157,gemma,google/gemma-3n-e4b,20,mixed,50.0,10,20,10,0,False,158.6
20260625_114157,llama,llama-3.2-3b-instruct,5,congruent,100.0,5,5,0,0,False,43.0
20260625_114157,llama,llama-3.2-3b-instruct,5,incongruent,40.0,2,5,3,0,False,27.4
20260625_114157,llama,llama-3.2-3b-instruct,5,mixed,60.0,3,5,0,0,False,25.7
20260625_114157,llama,llama-3.2-3b-instruct,10,congruent,100.0,10,10,0,0,False,47.9
20260625_114157,llama,llama-3.2-3b-instruct,10,incongruent,10.0,1,10,9,0,False,45.9
20260625_114157,llama,llama-3.2-3b-instruct,10,mixed,60.0,6,10,4,0,False,47.9
20260625_114157,llama,llama-3.2-3b-instruct,20,congruent,100.0,20,20,0,0,False,93.5
20260625_114157,llama,llama-3.2-3b-instruct,20,incongruent,0.0,0,20,20,0,False,94.0
20260625_114157,llama,llama-3.2-3b-instruct,20,mixed,55.0,11,20,9,0,False,84.9
20260625_114157,mistral,mistralai/mistral-7b-instruct-v0.3,5,congruent,100.0,5,5,0,0,False,94.4
20260625_114157,mistral,mistralai/mistral-7b-instruct-v0.3,5,incongruent,20.0,1,5,4,0,False,74.1
20260625_114157,mistral,mistralai/mistral-7b-instruct-v0.3,5,mixed,60.0,3,5,2,0,False,63.3
20260625_114157,mistral,mistralai/mistral-7b-instruct-v0.3,10,congruent,100.0,10,10,0,0,False,118.5
20260625_114157,mistral,mistralai/mistral-7b-instruct-v0.3,10,incongruent,20.0,2,10,8,0,False,115.1
20260625_114157,mistral,mistralai/mistral-7b-instruct-v0.3,10,mixed,50.0,5,10,5,0,False,117.9
20260625_114157,mistral,mistralai/mistral-7b-instruct-v0.3,20,congruent,100.0,20,20,0,0,False,226.7
20260625_114157,mistral,mistralai/mistral-7b-instruct-v0.3,20,incongruent,25.0,5,20,15,0,False,218.4
20260625_114157,mistral,mistralai/mistral-7b-instruct-v0.3,20,mixed,50.0,10,20,10,0,False,229.8
